<?xml version="1.0" encoding="UTF-8"?>
<!DOCTYPE plist PUBLIC "-//Apple//DTD PLIST 1.0//EN" "http://www.apple.com/DTDs/PropertyList-1.0.dtd">
<plist version="1.0">
<dict>
    
	<key>backgroundColor</key>
	<string>{1.000,1.000,1.000,1.000}</string>
    <key>ColorVariations</key>
    <true/>
    
    <key>mainNodes</key>
    <array>
        <dict>
            <key>title</key>
            <dict>
                <key>fontName</key>
                <string>Helvetica Neue</string>
                <key>fontSize</key>
                <integer>14</integer>
                <key>color</key>
                <string>{0.000, 0.000, 0.000, 1.000}</string>
                <key>alignment</key>
                <integer>1</integer>
            </dict>
            <key>drawFilled</key>
            <true/>
            <key>fillStyle</key>
            <dict>
                <key>color</key>
                <string>{1.000,1.000,1.000,1.000}</string>
            </dict>
            <key>strokeStyle</key>
            <dict>
                <key>dash</key>
                <integer>0</integer>
                <key>color</key>
                <string>{0.5,0.5,0.5,1.000}</string>
                <key>width</key>
                <integer>2</integer>
            </dict>
        </dict>
    </array>
    
    <key>subNodes</key>
    <array>
        <dict>
            <key>title</key>
            <dict>
                <key>fontName</key>
                <string>Helvetica Neue</string>
                <key>fontSize</key>
                <integer>14</integer>
                <key>color</key>
                <string>{0.000, 0.000, 0.000, 1.000}</string>
            </dict>
            <key>drawFilled</key>
            <false/>
            <key>fillStyle</key>
            <dict>
                <key>color</key>
                <string>{1.000,1.000,1.000,1.000}</string>
            </dict>
            <key>strokeStyle</key>
            <dict>
                <key>dash</key>
                <integer>0</integer>
                <key>color</key>
                <string>{0.467, 0.000, 0.851, 1.000}</string>
                <key>width</key>
                <integer>2</integer>
            </dict>
        </dict>
        <dict>
            <key>title</key>
            <dict>
                <key>fontName</key>
                <string>Helvetica Neue</string>
                <key>fontSize</key>
                <integer>14</integer>
                <key>color</key>
                <string>{0.000, 0.000, 0.000, 1.000}</string>
            </dict>
            <key>drawFilled</key>
            <false/>
            <key>fillStyle</key>
            <dict>
                <key>color</key>
                <string>{1.000,1.000,1.000,1.000}</string>
            </dict>
            <key>strokeStyle</key>
            <dict>
                <key>dash</key>
                <integer>0</integer>
                <key>color</key>
                <string>{0.000, 0.608, 0.847, 1.000}</string>
                <key>width</key>
                <integer>2</integer>
            </dict>
        </dict>
        <dict>
            <key>title</key>
            <dict>
                <key>fontName</key>
                <string>Helvetica Neue</string>
                <key>fontSize</key>
                <integer>14</integer>
                <key>color</key>
                <string>{0.000, 0.000, 0.000, 1.000}</string>
            </dict>
            <key>drawFilled</key>
            <false/>
            <key>fillStyle</key>
            <dict>
                <key>color</key>
                <string>{1.000,1.000,1.000,1.000}</string>
            </dict>
            <key>strokeStyle</key>
            <dict>
                <key>dash</key>
                <integer>0</integer>
                <key>color</key>
                <string>{0.000, 0.851, 0.671, 1.000}</string>
                <key>width</key>
                <integer>2</integer>
            </dict>
        </dict>
        <dict>
            <key>title</key>
            <dict>
                <key>fontName</key>
                <string>Helvetica Neue</string>
                <key>fontSize</key>
                <integer>14</integer>
                <key>color</key>
                <string>{0.000, 0.000, 0.000, 1.000}</string>
            </dict>
            <key>drawFilled</key>
            <false/>
            <key>fillStyle</key>
            <dict>
                <key>color</key>
                <string>{1.000,1.000,1.000,1.000}</string>
            </dict>
            <key>strokeStyle</key>
            <dict>
                <key>dash</key>
                <integer>0</integer>
                <key>color</key>
                <string>{0.000, 0.855, 0.000, 1.000}</string>
                <key>width</key>
                <integer>2</integer>
            </dict>
        </dict>
        <dict>
            <key>title</key>
            <dict>
                <key>fontName</key>
                <string>Helvetica Neue</string>
                <key>fontSize</key>
                <integer>14</integer>
                <key>color</key>
                <string>{0.000, 0.000, 0.000, 1.000}</string>
            </dict>
            <key>drawFilled</key>
            <false/>
            <key>fillStyle</key>
            <dict>
                <key>color</key>
                <string>{1.000,1.000,1.000,1.000}</string>
            </dict>
            <key>strokeStyle</key>
            <dict>
                <key>dash</key>
                <integer>0</integer>
                <key>color</key>
                <string>{0.820, 0.839, 0.000, 1.000}</string>
                <key>width</key>
                <integer>2</integer>
            </dict>
        </dict>
        <dict>
            <key>title</key>
            <dict>
                <key>fontName</key>
                <string>Helvetica Neue</string>
                <key>fontSize</key>
                <integer>14</integer>
                <key>color</key>
                <string>{0.000, 0.000, 0.000, 1.000}</string>
            </dict>
            <key>drawFilled</key>
            <false/>
            <key>fillStyle</key>
            <dict>
                <key>color</key>
                <string>{1.000,1.000,1.000,1.000}</string>
            </dict>
            <key>strokeStyle</key>
            <dict>
                <key>dash</key>
                <integer>0</integer>
                <key>color</key>
                <string>{0.906, 0.212, 0.204, 1.000}</string>
                <key>width</key>
                <integer>2</integer>
            </dict>
        </dict>

    </array>

		<key>crossConnections</key>
		<array>
			<dict>
                <key>strokeStyle</key>
                <dict>
                    <key>dash</key>
                    <integer>1</integer>
                    <key>color</key>
                    <string>{0.000, 0.500, 1.000, 1.000}</string>
                    <key>width</key>
                    <integer>1</integer>
                </dict>
				<key>startArrow</key>
				<integer>0</integer>
				<key>endArrow</key>
				<integer>1</integer>
			</dict>
		</array>
	</dict>
</plist>
